location_key,location_name,region,specialty,open_date,operatories,pms_system
1,Harbor Point,Central,General,2010-07-01,8,dentrix_ascend
2,Cedar Ridge Orthodontics,South,Orthodontics,2009-06-01,6,dolphin
3,Bayview Orthodontics,South,Orthodontics,2008-02-01,4,dolphin
4,Lakeshore Endodontics,North,Endodontics,2016-07-01,4,tdo
5,Southgate Oral Surgery,South,Oral Surgery,2018-11-01,4,sensei
6,Pinecrest,South,General,2008-04-01,8,dentrix_ascend
7,Riverbend,South,General,2014-03-01,7,dentrix_ascend
8,Willow Creek,North,General,2021-11-01,10,dentrix_ascend
9,Maple Grove,Central,General,2013-02-01,7,dox
10,Sunridge,South,General,2017-04-01,5,open_dental
11,Oak Hollow,West,General,2015-10-01,8,sensei
12,Fairhaven,South,General,2020-03-01,7,dentrix_ascend
13,Gulf Breeze,Central,General,2016-08-01,7,dentrix_ascend
14,Stonebridge,South,General,2017-02-01,7,dentrix_ascend
15,Brookside,West,General,2010-08-01,8,dentrix_ascend
16,Marina Park,North,General,2020-09-01,6,dentrix_ascend
17,Clearwater Ridge,Central,General,2013-12-01,8,dentrix_ascend
18,Heron Bay,Central,General,2009-02-01,9,dentrix_ascend
19,Palm Terrace,West,General,2008-12-01,6,dentrix_ascend
20,Laurel Springs,North,General,2012-12-01,9,dentrix_ascend
21,Magnolia Park Park,Central,General,2015-06-01,5,dentrix_ascend
22,Ashford,South,General,2011-05-01,5,dentrix_ascend
23,Kingsley,West,General,2022-08-01,8,dentrix_ascend
24,Bramble Lane,North,General,2012-03-01,10,dentrix_ascend
25,Seaview Implant Center,East,Oral Surgery,2019-07-01,5,dentrix_ascend
26,Northfield Periodontics,South,Periodontics,2011-03-01,5,open_dental
27,Eastlake - Sunrise,North,General,2008-08-01,7,dentrix_ascend
28,Eastlake - Wells,North,General,2008-03-01,7,dentrix_ascend
29,Eastlake - Dunmore,North,General,2010-12-01,8,dentrix_ascend
30,Westport - Bay,South,General,2015-11-01,5,sensei
31,Westport - Bayfront,South,General,2014-02-01,8,sensei
32,Westport Oral Surgery,South,Oral Surgery,2009-04-01,4,sensei
33,Midland,Central,General,2009-01-01,5,dentrix_ascend
34,Tall Pines,South,General,2017-01-01,8,dentrix_ascend
35,Hillcrest,West,General,2010-11-01,8,dentrix
36,Featherstone,West,General,2015-02-01,8,dentrix_ascend
37,Rosewood Periodontics,Central,Periodontics,2015-08-01,5,dentrix_ascend
38,Thornbury,South,General,2019-05-01,8,dentrix
