source_system,source_location,location_key
dentrix_ascend,asc-loc-0001,1
sage_intacct,E101,1
ukg,UK01,1
inventory,S01,1
marketing,harbor-point,1
dolphin,DOL-02,2
sage_intacct,E102,2
ukg,UK02,2
inventory,S02,2
marketing,cedar-ridge-orthodontics,2
dolphin,DOL-03,3
sage_intacct,E103,3
ukg,UK03,3
inventory,S03,3
marketing,bayview-orthodontics,3
tdo,Office 4,4
sage_intacct,E104,4
ukg,UK04,4
inventory,S04,4
marketing,lakeshore-endodontics,4
sensei,Practice 5,5
sage_intacct,E105,5
ukg,UK05,5
inventory,S05,5
marketing,southgate-oral-surgery,5
dentrix_ascend,asc-loc-0006,6
sage_intacct,E106,6
ukg,UK06,6
inventory,S06,6
marketing,pinecrest,6
dentrix_ascend,asc-loc-0007,7
sage_intacct,E107,7
ukg,UK07,7
inventory,S07,7
marketing,riverbend,7
dentrix_ascend,asc-loc-0008,8
sage_intacct,E108,8
ukg,UK08,8
inventory,S08,8
marketing,willow-creek,8
dox,DOX09,9
sage_intacct,E109,9
ukg,UK09,9
inventory,S09,9
marketing,maple-grove,9
open_dental,10,10
sage_intacct,E110,10
ukg,UK10,10
inventory,S10,10
marketing,sunridge,10
sensei,Practice 11,11
sage_intacct,E111,11
ukg,UK11,11
inventory,S11,11
marketing,oak-hollow,11
dentrix_ascend,asc-loc-0012,12
sage_intacct,E112,12
ukg,UK12,12
inventory,S12,12
marketing,fairhaven,12
dentrix_ascend,asc-loc-0013,13
sage_intacct,E113,13
ukg,UK13,13
inventory,S13,13
marketing,gulf-breeze,13
dentrix_ascend,asc-loc-0014,14
sage_intacct,E114,14
ukg,UK14,14
inventory,S14,14
marketing,stonebridge,14
dentrix_ascend,asc-loc-0015,15
sage_intacct,E115,15
ukg,UK15,15
inventory,S15,15
marketing,brookside,15
dentrix_ascend,asc-loc-0016,16
sage_intacct,E116,16
ukg,UK16,16
inventory,S16,16
marketing,marina-park,16
dentrix_ascend,asc-loc-0017,17
sage_intacct,E117,17
ukg,UK17,17
inventory,S17,17
marketing,clearwater-ridge,17
dentrix_ascend,asc-loc-0018,18
sage_intacct,E118,18
ukg,UK18,18
inventory,S18,18
marketing,heron-bay,18
dentrix_ascend,asc-loc-0019,19
sage_intacct,E119,19
ukg,UK19,19
inventory,S19,19
marketing,palm-terrace,19
dentrix_ascend,asc-loc-0020,20
sage_intacct,E120,20
ukg,UK20,20
inventory,S20,20
marketing,laurel-springs,20
dentrix_ascend,asc-loc-0021,21
sage_intacct,E121,21
ukg,UK21,21
inventory,S21,21
marketing,magnolia-park-park,21
dentrix_ascend,asc-loc-0022,22
sage_intacct,E122,22
ukg,UK22,22
inventory,S22,22
marketing,ashford,22
dentrix_ascend,asc-loc-0023,23
sage_intacct,E123,23
ukg,UK23,23
inventory,S23,23
marketing,kingsley,23
dentrix_ascend,asc-loc-0024,24
sage_intacct,E124,24
ukg,UK24,24
inventory,S24,24
marketing,bramble-lane,24
dentrix_ascend,asc-loc-0025,25
sage_intacct,E125,25
ukg,UK25,25
inventory,S25,25
marketing,seaview-implant-center,25
open_dental,26,26
sage_intacct,E126,26
ukg,UK26,26
inventory,S26,26
marketing,northfield-periodontics,26
dentrix_ascend,asc-loc-0027,27
sage_intacct,E127,27
ukg,UK27,27
inventory,S27,27
marketing,eastlake-sunrise,27
dentrix_ascend,asc-loc-0028,28
sage_intacct,E128,28
ukg,UK28,28
inventory,S28,28
marketing,eastlake-wells,28
dentrix_ascend,asc-loc-0029,29
sage_intacct,E129,29
ukg,UK29,29
inventory,S29,29
marketing,eastlake-dunmore,29
sensei,Practice 30,30
sage_intacct,E130,30
ukg,UK30,30
inventory,S30,30
marketing,westport-bay,30
sensei,Practice 31,31
sage_intacct,E131,31
ukg,UK31,31
inventory,S31,31
marketing,westport-bayfront,31
sensei,Practice 32,32
sage_intacct,E132,32
ukg,UK32,32
inventory,S32,32
marketing,westport-oral-surgery,32
dentrix_ascend,asc-loc-0033,33
sage_intacct,E133,33
ukg,UK33,33
inventory,S33,33
marketing,midland,33
dentrix_ascend,asc-loc-0034,34
sage_intacct,E134,34
ukg,UK34,34
inventory,S34,34
marketing,tall-pines,34
dentrix,C035,35
sage_intacct,E135,35
ukg,UK35,35
inventory,S35,35
marketing,hillcrest,35
dentrix_ascend,asc-loc-0036,36
sage_intacct,E136,36
ukg,UK36,36
inventory,S36,36
marketing,featherstone,36
dentrix_ascend,asc-loc-0037,37
sage_intacct,E137,37
ukg,UK37,37
inventory,S37,37
marketing,rosewood-periodontics,37
dentrix,C038,38
sage_intacct,E138,38
ukg,UK38,38
inventory,S38,38
marketing,thornbury,38
